{
<<<<<<< HEAD
  "create_time": 1758889913.1586502,
  "size_bytes": 1774592,
  "file_count": 257,
=======
  "create_time": 1758887135.5888498,
  "size_bytes": 913408,
  "file_count": 126,
>>>>>>> 11386d68880a97c39baaa5e8f6e0c544344b0626
  "is_init_acl": true
}